<?xml version="1.0" encoding="UTF-8"?>
<project-private xmlns="http://www.netbeans.org/ns/project-private/1">
    <editor-bookmarks xmlns="http://www.netbeans.org/ns/editor-bookmarks/2" lastBookmarkId="0"/>
    <open-files xmlns="http://www.netbeans.org/ns/projectui-open-files/2">
        <group>
            <file>file:/D:/Users/Carlos/Dropbox/Proyectos/NetBeansProjects/Bases%20de%20Datos/sistemacontrolgirasuna/nbproject/build-impl.xml</file>
            <file>file:/D:/Users/Carlos/Dropbox/Proyectos/NetBeansProjects/Bases%20de%20Datos/sistemacontrolgirasuna/src/java/cr/ac/una/sistemacontrolgiras/action/RegistrarGiraAction.java</file>
            <file>file:/D:/Users/Carlos/Dropbox/Proyectos/NetBeansProjects/Bases%20de%20Datos/sistemacontrolgirasuna/web/WEB-INF/struts-config.xml</file>
        </group>
    </open-files>
</project-private>
